"collision_index","vehicle_reference","vehicle_type","vehicle_manoeuvre","junction_location","skidding_and_overturning","hit_object_in_carriageway","first_point_of_impact","sex_of_driver","age_of_driver","engine_capacity_cc","propulsion_code","age_of_vehicle"
"2019010202593",2,9,99,0,9,99,9,3,-1,1368,1,5
"2019010168938",1,9,19,9,9,0,1,2,35,1368,1,8
"201906F152990",2,9,19,2,0,0,4,1,20,1368,1,10
"2019030835209",1,9,10,1,0,0,3,1,23,1368,1,3
"2019110855969",1,9,19,0,0,0,1,1,19,1368,1,10
"2019400824315",1,9,7,1,0,0,1,1,25,1368,1,6
"2019230914058",1,9,1,0,0,0,2,2,40,875,1,4
"2019200824299",2,9,19,0,0,0,1,1,24,1368,1,7
"2019430309954",1,9,9,6,0,0,1,1,59,2993,2,1
"2019040850616",2,9,19,2,0,0,3,2,34,1995,2,4
"2019010202401",2,9,9,8,0,0,1,3,-1,1995,2,2
"2019350850710",1,9,7,5,0,0,1,3,-1,1995,2,2
"2019010193876",2,9,5,0,0,0,1,1,51,1995,2,5
"2019621900293",4,9,3,0,0,0,2,1,65,1998,1,3
"20191364S1645",1,9,19,0,0,0,3,1,42,2979,1,4
"2019200854249",1,9,2,0,0,0,2,1,23,1997,1,5
"2019010189501",2,9,99,1,9,99,2,3,-1,1995,2,4
"2019010197791",1,9,4,1,0,0,0,1,31,1997,1,4
"2019010215685",2,9,19,8,0,0,1,3,-1,1997,1,5
"2019010172612",1,9,99,8,9,99,2,2,31,1998,1,3
"2019230911695",2,9,19,0,0,0,2,2,45,1995,2,4
"2019010205048",1,9,19,9,9,99,9,1,28,1995,2,3
"2019210861052",2,9,19,1,0,0,1,1,28,1995,2,4
"2019010190276",1,9,19,0,0,0,1,1,25,1997,1,5
"2019010190754",1,9,19,0,0,0,4,2,30,1998,1,1
"2019460899321",2,9,19,1,0,0,1,2,-1,2993,2,2
"2019160874490",1,9,9,3,0,0,1,1,28,1995,2,3
"2019010213638",1,9,19,1,0,0,4,1,24,1995,2,5
"2019010217445",2,9,99,9,9,99,1,3,-1,1995,2,0
"2019470845664",1,9,3,4,0,0,2,1,39,1998,1,0
"2019230837898",1,9,13,0,0,0,3,1,56,2993,2,0
"2019460885418",1,9,19,4,0,10,1,1,72,2998,1,1
"2019010170730",1,9,19,2,0,0,1,1,24,1995,2,4
"201906K253138",1,9,5,0,0,0,3,2,50,2993,2,0
"201931D156219",1,9,19,0,0,4,1,3,-1,1995,2,6
"2019010185349",1,9,99,9,9,99,9,2,38,1995,2,1
"2019331901088",2,9,19,8,0,0,1,1,42,1995,2,2
"2019430025083",1,9,19,4,0,0,1,1,-1,1995,2,3
"2019010198373",2,9,99,9,9,99,9,3,-1,2993,2,4
"201931C194119",1,9,19,6,0,0,1,1,19,1995,2,2
"2019980873590",2,9,8,1,0,0,0,2,26,1995,2,2
"2019544238819",2,9,19,1,0,0,4,1,47,2993,2,3
"2019940880434",2,9,19,0,0,0,1,1,27,1995,2,5
"2019430036022",2,9,3,0,0,0,2,1,48,1995,2,2
"2019010206394",2,9,99,9,9,99,9,3,-1,1995,2,5
"2019450867103",1,9,19,0,0,0,4,1,20,1997,1,6
"2019010220791",2,9,99,9,9,99,1,3,-1,1998,1,1
"2019340W03401",2,5,19,8,0,0,1,1,40,1690,1,4
"2019301901167",1,5,19,0,0,0,1,1,64,1449,1,13
"2019010224856",1,3,19,8,0,0,3,1,25,125,1,5
"2019010211327",1,3,99,0,9,99,9,1,44,125,1,4
"2019010199868",2,3,19,0,0,0,1,1,50,125,1,5
"2019552000039",1,3,4,4,0,0,2,2,78,125,1,4
"2019010177533",2,4,19,0,0,0,1,1,19,125,1,5
"2019010191096",2,3,19,8,0,0,1,1,29,125,1,2
"2019470862489",1,3,19,0,0,0,4,1,35,125,1,2
"2019010178781",1,3,19,0,9,0,9,1,31,125,1,1
"2019010216328",1,3,10,2,0,0,3,1,35,125,1,1
"2019010222997",1,3,99,0,9,99,9,1,22,125,1,1
"2019010212178",1,4,19,1,0,0,1,1,35,125,1,1
"2019010214124",1,3,99,9,9,99,9,1,19,125,1,1
"2019010185080",1,2,19,0,0,0,1,1,-1,125,1,0
"2019010174042",1,3,99,0,9,99,9,1,20,125,1,1
"2019450879624",1,3,3,1,0,0,3,1,42,125,1,2
"2019010197127",1,3,19,1,0,0,1,1,21,125,1,0
"2019010217683",1,3,99,9,9,99,9,1,29,125,1,1
"2019010175150",2,2,5,1,1,0,1,1,24,125,1,1
"2019010226330",2,3,14,0,0,0,4,1,46,125,1,1
"2019010200263",1,2,5,1,0,0,2,1,34,125,1,2
"2019010178701",2,4,5,1,0,0,2,1,44,125,1,2
"2019051911200",2,5,19,8,1,0,4,1,60,954,1,17
"2019010205922",1,3,9,8,5,0,4,1,35,125,1,1
"2019010182542",1,9,19,2,0,0,1,2,73,1489,1,21
"2019340W80041",2,9,19,8,0,0,1,1,81,1598,1,17
"2019500836034",1,9,19,0,1,0,1,2,25,1498,1,20
"2019430121946",1,2,19,0,0,10,1,2,16,50,1,4
"2019551901211",1,9,14,0,0,0,1,2,80,1360,1,13
"2019010189534",1,9,99,9,9,99,2,2,26,1360,1,9
"2019010217245",2,9,19,1,0,0,1,1,26,1360,1,11
"2019010177627",2,9,6,1,0,0,3,2,34,1360,1,10
"20191367K0938",1,9,19,0,0,0,1,2,79,1560,2,11
"201906E465689",1,9,19,0,0,0,1,1,20,1360,1,13
"2019360919214",2,9,3,0,0,0,2,1,23,1360,1,12
"201906A157824",1,9,19,2,0,0,1,2,40,1360,1,13
"2019370846446",2,9,19,0,0,0,1,2,21,1560,2,10
"2019420908169",2,9,4,0,0,0,2,1,24,-1,-1,-1
"2019320028536",1,9,9,8,0,0,1,2,54,1598,1,9
"2019980883697",1,9,19,0,5,0,1,2,73,1397,1,9
"2019010223906",1,9,99,9,9,99,9,2,55,1360,1,12
"2019410823241",1,9,4,0,0,0,0,2,36,1598,1,11
"2019040875359",2,9,19,3,0,0,1,1,24,1360,1,12
"2019520906623",4,9,19,0,0,0,1,3,30,1398,2,10
"2019500871463",1,9,4,1,0,0,1,2,47,1398,2,8
"2019200921199",1,9,9,1,0,0,1,2,-1,1360,1,12
"2019500920551",2,9,4,0,0,0,1,1,25,1360,1,13
"2019010170781",2,9,5,0,0,0,1,1,37,1560,2,12
"2019100871851",1,9,19,0,0,0,1,1,25,1560,2,12
"2019010211534",1,9,99,1,9,99,2,2,32,1360,1,11
"2019160854751",2,9,19,1,0,0,0,1,34,1360,1,12
"2019430071442",2,9,19,8,1,0,1,2,51,1598,1,6
"2019010189816",3,9,2,0,0,0,1,3,-1,1360,1,7
"2019200909295",1,9,19,0,0,0,1,1,22,1397,1,11
"2019460872239",2,9,3,0,0,0,2,1,50,1560,2,12
"20191369N0050",1,9,19,0,0,0,1,1,31,1560,2,12
"2019460872782",1,9,5,1,0,0,1,1,19,1360,1,11
"2019220841577",1,9,4,8,0,0,1,2,40,1360,1,12
"2019470896094",3,9,4,0,0,0,1,2,28,1360,1,10
"2019110866170",1,9,19,0,5,7,1,2,52,1360,1,13
"2019010225201",1,9,99,4,9,99,2,2,39,1398,2,8
"2019521906728",2,9,19,8,0,0,2,2,33,1560,2,12
"2019621901472",1,9,13,0,0,0,1,1,67,1560,2,9
"201931C077819",3,9,19,1,0,0,1,1,58,1560,2,7
"2019100845695",1,9,19,8,2,0,1,1,28,1398,2,10
"2019331901275",2,9,19,0,0,0,1,1,68,-1,-1,-1
"2019160836279",1,9,19,0,0,0,1,1,44,1397,1,12
"201906K158785",1,9,19,0,0,0,0,1,25,1360,1,12
"2019541875619",1,9,3,1,0,0,1,2,33,1360,1,9
"2019460817791",2,9,19,8,0,0,3,2,46,1360,1,9
"2019040885153",1,9,19,0,0,0,1,2,43,1560,2,12
"2019051913065",1,9,19,8,0,0,4,1,24,1598,1,10
"2019420897235",2,9,19,8,0,0,4,2,44,1360,1,10
"2019220886089",2,9,19,8,0,10,4,2,57,1598,1,5
"2019470866071",1,9,19,2,1,0,1,1,55,1560,2,11
"2019470879126",2,9,4,0,0,0,2,2,24,1360,1,12
"2019430319692",2,9,19,0,0,0,1,1,28,1360,1,10
"2019500916625",1,9,4,0,2,0,1,1,25,-1,-1,-1
"2019470861522",1,9,19,0,0,11,1,1,19,1360,1,13
"2019136830654",2,9,2,0,0,0,2,2,65,1398,2,8
"2019121901578",1,9,13,0,0,0,1,2,36,1398,2,10
"2019430207775",2,9,19,0,0,0,1,1,24,1560,2,13
"2019100354926",2,9,-1,-1,-1,-1,-1,1,44,1398,2,11
"2019460897641",1,9,11,0,0,0,1,2,20,1560,2,11
"2019340N07531",2,9,19,8,0,0,4,1,39,1360,1,12
"2019121900957",1,9,5,1,0,0,3,2,52,1398,2,11
"2019010211367",1,9,99,9,9,99,2,1,35,1360,1,12
"2019100872192",1,9,19,0,1,0,1,1,19,1360,1,11
"2019010217497",1,9,19,1,0,0,1,1,41,1360,1,10
"2019100871151",2,9,19,0,0,0,1,1,26,1360,1,13
"2019450811770",1,9,19,0,0,0,1,2,37,1598,1,7
"2019370923052",3,9,19,0,0,0,1,1,23,1398,2,7
"2019450811420",2,9,19,1,0,0,1,2,18,1397,1,9
"2019030898134",1,9,10,1,0,0,1,2,22,1598,1,12
"2019340N04441",1,9,9,8,5,0,4,1,74,1360,1,10
"201963D098719",1,9,9,5,0,0,4,1,64,1398,2,10
"2019470880682",1,9,19,0,5,0,0,1,27,1360,1,12
"2019301901356",2,9,14,0,0,0,4,1,19,1398,2,12
"2019200919179",1,9,19,1,0,0,1,1,-1,1360,1,10
"2019500923187",1,9,19,0,5,0,4,1,47,1598,1,10
"2019040819583",2,9,4,1,0,0,0,2,69,1560,2,11
"2019200895886",1,9,9,6,0,0,1,1,55,1360,1,12
"2019051911446",1,9,19,8,0,0,1,2,29,1560,2,7
"2019420840898",2,9,9,4,0,0,4,2,51,1360,1,11
"201963C062919",1,9,19,1,0,0,1,1,25,1360,1,9
"2019530884474",1,9,9,4,0,0,-1,2,34,1360,1,12
"2019470913371",1,9,19,0,0,0,1,2,27,1598,1,11
"2019460895732",2,9,19,1,0,4,3,1,29,1360,1,12
"2019500927500",1,9,19,0,2,0,1,2,20,1360,1,12
"2019460908230",1,9,19,2,0,0,1,2,19,1360,1,9
"2019460873244",1,9,19,1,0,0,0,1,24,1360,1,8
"2019010227639",2,9,9,8,0,0,1,1,25,1360,1,10
"2019010177587",1,9,99,0,9,99,2,2,44,1598,1,8
"2019100884605",1,9,7,0,0,0,1,1,46,1560,2,9
"2019010207773",1,9,99,9,9,99,9,1,85,1398,2,8
"2019100850037",2,9,19,1,0,0,3,2,44,1360,1,12
"2019420879677",1,9,19,0,0,0,1,2,56,1598,1,7
"2019100820031",1,9,4,0,0,0,1,2,30,1360,1,10
"2019331900746",1,9,19,2,0,0,1,2,37,1560,2,10
"2019100849717",2,9,19,8,0,0,1,1,36,1560,2,8
"2019331900673",1,9,19,0,0,0,1,2,-1,1560,2,12
"201963D119619",2,9,19,0,0,0,1,2,39,1560,2,10
"2019010194079",1,9,99,9,9,99,9,3,48,1560,2,12
"2019430336699",2,9,19,1,0,0,1,2,44,1560,2,7
"2019100817715",2,9,19,0,1,0,3,1,66,1560,2,12
"2019950000303",2,9,19,8,0,0,1,2,55,1360,1,12
"2019100816295",4,9,19,0,0,0,2,2,29,1360,1,10
"2019331900854",2,5,19,0,1,0,1,1,66,885,1,25
"2019440110505",3,5,19,0,0,0,1,1,31,650,1,52
"2019521906188",1,5,14,0,0,0,1,1,40,885,1,25
"2019010176032",1,5,13,1,1,0,3,1,50,865,1,3
"2019970871428",1,5,19,4,2,0,3,1,54,1200,1,0
"2019950000609",2,4,19,4,0,0,3,1,51,865,1,4
"2019470899604",2,5,19,1,0,0,2,1,35,1200,1,1
"2020010262875",2,3,19,8,5,0,1,1,38,125,1,17
"2020430133327",1,9,19,8,0,0,1,1,44,1598,1,7
"2020010265108",2,9,99,9,9,99,1,3,-1,1598,1,8
"2020500962327",2,9,19,0,0,0,1,2,52,1598,1,5
"2020302000100",1,9,19,1,1,0,1,2,41,1598,1,5
"2020340N02842",1,9,12,6,0,0,3,2,36,1598,1,8
"2020522000524",2,9,19,8,0,0,4,1,44,-1,3,1
"2020370966009",2,9,19,0,0,0,0,1,58,-1,3,2
"2020210997822",2,9,4,0,0,0,3,1,59,-1,3,1
"2020622000208",3,9,4,0,0,0,2,2,31,2460,2,14
"2020070368644",2,3,19,0,0,0,3,1,74,535,1,19
"2021010321969",1,9,10,5,0,0,1,1,43,3956,2,4
"2021131126239",2,9,7,8,0,0,1,1,36,2204,2,13
"2021221022039",2,9,13,2,0,0,0,2,25,2204,2,16
"2021991062143",1,9,19,0,0,0,1,1,74,1998,1,16
"2021481142658",2,4,19,8,0,0,3,1,38,330,1,0
"2021201139638",2,9,5,4,0,0,1,1,49,-1,3,0
"2021010337659",2,9,99,9,9,99,1,3,55,-1,3,2
"2021451087984",1,9,19,0,0,0,3,2,43,-1,3,2
"2021411047646",2,9,4,0,0,0,1,1,31,-1,3,2
"2021991033533",1,9,19,0,0,0,1,1,34,-1,3,1
"2021531069875",1,5,13,1,2,0,4,1,20,649,1,12
"2021131050142",3,21,19,0,0,0,0,1,59,12419,2,6
"2021522101955",1,21,19,0,0,0,1,1,29,10518,2,8
"2021141080909",1,11,19,0,0,0,1,1,59,6871,2,13
"2021320561054",2,20,19,2,0,0,1,1,45,4580,2,4
"2021522103167",1,19,9,6,0,0,1,1,47,4580,2,5
"2021170M11571",2,21,19,0,0,0,2,1,54,12419,2,1
"2021221124957",1,21,19,0,0,0,3,1,57,12419,2,3
"2021061114760",1,21,11,0,0,0,1,1,61,12419,2,4
"2021141063332",1,11,19,1,0,0,0,1,45,6871,2,13
"2021010293350",1,19,7,1,0,0,4,1,46,-1,-1,-1
"2021010288039",1,21,19,2,0,0,1,1,57,12419,2,4
"2021461105619",5,21,19,0,0,0,1,1,35,6870,2,10
"2021320692869",2,21,19,0,0,0,3,1,54,12419,2,3
"2021440286463",1,19,19,0,0,0,1,1,25,1968,2,0
"2021141068243",1,11,19,1,0,0,0,1,54,6871,2,13
"2021421049467",1,21,5,1,0,0,1,1,62,12419,2,2
"2021010347577",3,20,4,2,0,0,2,1,49,4580,2,7
"2021010319550",2,9,99,9,9,99,1,3,-1,3800,1,6
"2021411022351",2,9,19,0,1,0,1,1,46,3745,1,1
"2021061135130",2,9,9,8,0,0,3,2,30,3800,1,6
"2021421125027",4,9,4,0,0,0,2,1,60,3387,1,20
"2021010315946",2,9,15,1,0,0,3,1,37,3436,1,9
"2021010341197",2,9,19,2,0,10,3,2,29,1149,1,13
"20211382G1077",3,9,19,1,0,0,2,2,58,1598,1,16
"2021131065283",1,9,9,6,0,0,1,1,43,1461,2,11
"2021010298142",2,9,9,2,0,0,4,2,-1,1598,1,13
"2021122101265",2,3,19,1,0,0,1,1,20,124,1,13
"2021302100697",2,5,4,0,1,0,1,1,59,2300,1,16
"2021522102159",2,9,19,8,0,0,1,2,33,1598,1,8
"2021411033618",2,9,4,1,0,0,1,2,42,1956,2,6
"2021311153048",1,9,19,0,2,0,2,2,39,1956,2,5
"2021451110700",1,9,5,4,0,0,1,2,34,1998,1,14
"2021161134391",1,9,19,0,0,0,1,2,43,1598,1,8
"2021141024867",1,9,19,0,0,0,1,3,-1,1910,2,12
"2021070514084",1,9,13,1,0,0,4,1,74,1598,1,14
"2021101027935",2,9,19,0,0,0,1,1,37,1598,1,15
"2021201145974",1,9,1,0,0,0,4,1,34,1796,1,7
"2021010346998",2,9,9,5,0,0,4,1,35,1364,1,4
"2021552101339",2,9,19,8,0,0,1,2,37,1364,1,4
"2021122101290",4,9,3,2,0,0,2,1,37,1598,1,9
"2021010315354",1,9,9,1,0,0,1,1,48,1598,1,13
"2021546559921",1,9,12,4,0,0,3,1,58,1598,1,12
"2021501039952",3,9,10,1,0,0,1,2,54,1598,1,8
"2021010306876",1,8,99,0,9,99,9,1,50,1598,2,5
"2021010299970",2,9,99,0,0,0,2,3,-1,1796,1,8
"2021010320432",1,9,99,9,9,99,1,2,32,1598,1,10
"2021010329293",2,9,99,9,9,99,2,3,49,1956,2,7
"2021161029707",1,9,19,4,0,0,1,3,-1,1686,2,11
"2021622100957",1,9,19,1,0,0,1,2,33,1598,1,10
"2021461090985",1,9,19,1,0,0,1,2,74,1910,2,15
"2021201101367",2,9,4,0,0,0,3,1,25,1364,1,4
"2021430061036",2,9,19,4,0,0,4,1,-1,1910,2,11
"2021411039085",1,9,19,0,0,0,4,1,35,1796,1,16
"2021041090190",2,9,19,1,0,0,4,1,41,1598,1,16
"2021131034645",2,9,19,6,0,0,2,1,43,1686,2,10
"2021131059703",3,9,19,0,0,0,3,2,52,1598,1,8
"2021161108977",1,9,19,1,0,0,1,2,42,1910,2,13
"2021122100454",1,9,19,8,0,0,1,2,34,1956,2,6
"2021522104431",2,9,9,8,0,0,2,2,63,1956,2,9
"2021471124990",1,9,19,1,0,10,4,2,40,1796,1,9
"2021451057089",2,9,19,2,0,0,3,2,42,1598,1,12
"2021010323832",1,9,7,6,0,0,4,1,41,1910,2,12
"2021501026624",1,9,5,0,0,0,3,2,26,1796,1,11
"2021010336169",1,9,99,9,9,99,9,2,48,1598,1,11
"2021010316527",2,9,2,1,0,0,2,3,-1,1796,1,7
"2021411030641",2,9,19,0,0,11,1,1,60,1364,1,5
"2021421125089",2,9,19,8,0,0,1,1,69,1956,2,7
"2021351034663",1,9,9,4,0,0,1,1,44,1598,1,9
"2021161056999",2,9,19,0,2,0,3,1,36,1910,2,14
"2021451048960",1,9,4,0,0,0,2,1,33,1364,1,4
"2021010323321",1,9,99,1,0,0,9,2,43,1598,1,14
"202131D103421",1,9,9,6,0,0,1,1,42,1364,1,4
"2021430411009",1,9,19,0,0,0,1,1,82,1364,1,3
"2021101093628",1,9,19,0,5,0,1,2,31,1598,1,13
"2021471056132",2,9,3,1,0,0,2,1,36,1598,1,14
"2021531026731",1,9,5,8,0,0,1,1,34,1598,1,8
"2021552100492",3,9,2,0,0,0,1,3,-1,1956,2,9
"2021361140859",3,9,2,0,0,0,1,2,57,1686,2,8
"2021010308039",1,9,99,9,9,99,2,2,46,1598,1,22
"2021461027677",1,9,19,1,0,4,1,1,22,1796,1,18
"2021531031530",2,9,19,1,1,0,1,1,42,1956,2,7
"2021010294090",1,9,19,8,0,0,3,1,33,1910,2,14
"2021041025792",5,9,2,1,0,0,1,3,-1,1598,1,17
"2021131041173",1,9,19,0,0,0,1,3,-1,1686,2,11
"2021010329857",1,9,19,1,0,0,1,2,34,1364,1,5
"2021041014564",1,9,7,6,0,0,1,2,48,1364,1,5
"2021440407039",2,8,10,1,0,0,2,1,59,1956,2,5
"2021552100283",1,9,9,6,0,0,3,2,43,1598,1,17
"2021201094981",1,9,5,1,0,0,3,1,33,1598,1,15
"2021010289683",2,9,19,0,0,0,2,1,54,1796,1,17
"2021522200070",2,9,9,0,0,0,4,1,28,1598,1,13
"2021302101109",1,9,19,0,0,0,1,2,32,1598,1,21
"2021471104072",1,9,4,4,0,0,1,1,76,1956,2,6
"2021052100578",1,9,19,8,0,0,3,2,44,1598,1,10
"2021411120831",2,9,9,0,1,0,4,1,28,1910,2,14
"2021461024670",2,9,13,0,0,0,4,1,37,1598,1,13
"2021461017018",1,9,19,0,0,0,1,1,61,1796,1,8
"2021131060508",1,9,19,2,0,0,4,1,40,1598,1,12
"2021201134080",1,9,1,0,0,0,2,1,-1,1598,1,11
"2021221063750",2,9,19,0,1,0,1,1,39,1598,1,15
"2021471096508",1,9,7,1,0,0,1,1,29,1796,1,7
"2021010309964",1,9,9,6,0,0,1,2,36,1598,1,14
"2021622100622",2,9,8,1,0,0,2,1,26,1598,1,12
"2021161025395",2,9,19,0,0,0,1,2,39,1598,1,16
"2021471089032",1,9,19,2,0,0,3,2,36,1686,2,10
"2021361041867",2,9,19,0,0,0,0,1,52,1598,1,10
"2021221017632",1,9,19,6,1,0,1,1,50,1686,2,9
"2021440270057",2,9,19,0,0,0,1,1,-1,1956,2,7
"2021221037539",1,9,11,5,2,0,1,1,31,1686,2,10
"2021010316087",2,9,4,5,0,0,2,1,52,1598,1,8
"2021201077595",2,9,10,1,0,0,2,2,44,1796,1,15
"2021010292005",2,9,3,1,0,0,2,1,42,1598,1,12
"2021461095786",2,9,3,0,0,0,2,1,62,1956,2,7
"2021010311252",1,9,3,8,0,0,1,1,28,1796,1,13
"2021010319350",2,9,19,8,0,0,1,2,35,1910,2,11
"2021401084705",2,9,9,5,0,0,3,2,52,1598,1,9
"2021211045285",1,9,7,4,0,0,1,2,63,1956,2,7
"2021547258221",2,9,19,1,0,0,1,1,48,1598,1,16
"2021010313215",1,9,7,4,0,0,1,1,40,1910,2,13
"2021131038760",1,9,13,0,2,0,1,2,36,1598,1,16
"2021010306185",1,9,19,9,9,99,2,2,34,1598,1,14
"202131A028921",1,9,7,6,0,0,4,1,60,1598,1,14
"2021010302689",2,9,99,9,9,99,2,3,-1,1598,1,12
"2021461050721",2,9,19,8,0,0,1,2,29,1598,1,13
"2021201143553",1,9,19,4,0,0,1,1,-1,1598,1,15
"2021411051757",1,9,19,4,0,0,0,1,49,1796,1,10
"2021361121783",1,9,7,4,0,0,0,1,36,1910,2,14