"collision_index","vehicle_reference","vehicle_type","vehicle_manoeuvre","junction_location","skidding_and_overturning","hit_object_in_carriageway","first_point_of_impact","sex_of_driver","age_of_driver","engine_capacity_cc","propulsion_code","age_of_vehicle"
"2021041126194",1,9,19,0,0,0,1,2,38,1598,1,12
"2021302100870",2,9,19,1,0,0,1,1,42,1686,2,9
"2021430136518",1,9,4,1,0,0,1,1,20,1796,1,14
"2021440154399",2,9,19,8,0,0,4,1,83,1364,1,5
"2021401057762",3,9,4,0,1,10,2,1,49,1956,2,8
"2021111067141",1,9,19,1,0,0,1,1,59,1598,1,17
"2021320417315",1,9,5,8,5,0,0,1,58,1598,1,17
"2021221022207",1,9,19,0,1,10,1,1,27,1796,1,14
"2021010342195",1,9,99,0,9,99,9,2,38,1364,1,4
"202134NNC2701",1,8,19,3,0,0,1,1,55,1598,2,4
"2021131066986",1,9,-1,0,-1,-1,-1,3,-1,1796,1,10
"2021461092348",1,9,19,0,0,0,4,2,31,1598,2,5
"2021010294854",1,11,4,1,0,0,2,1,68,5132,2,5
"2022010418487",1,9,99,9,9,99,9,3,-1,-1,3,0
"2022161234595",2,5,19,1,0,0,1,1,33,895,1,2
"2022101185356",2,9,19,8,0,0,2,1,72,1991,2,19
"2022401164813",1,3,19,0,0,7,1,1,30,125,1,7
"2022421223792",1,3,19,0,1,0,0,3,24,125,1,6
"2022991151509",1,9,19,2,1,4,1,2,30,1499,1,8
"2022522205143",1,9,1,8,0,0,2,2,51,1496,2,7
"2022440388189",1,9,5,0,0,0,1,1,29,1598,1,12
"2022451228334",1,9,19,0,1,0,1,2,41,1598,1,16
"2022101139344",2,9,19,0,0,0,3,2,61,1499,1,5
"2022010355179",1,9,10,8,0,0,1,2,70,1598,1,9
"2022451134142",2,9,3,0,0,0,1,2,30,1598,1,15
"2022461222956",1,9,9,0,0,0,3,2,-1,1995,2,10
"2022991188038",5,9,19,2,0,0,1,2,50,-1,3,2
"2022411156590",1,9,19,0,0,0,1,2,34,1598,1,14
"2022201272080",1,9,9,5,0,10,1,1,19,-1,3,1
"202234WNC3062",2,9,19,1,0,0,1,3,17,1598,1,13
"2022131188114",2,9,19,0,0,0,4,2,63,1600,1,11
"2022311155204",1,9,19,2,0,0,1,2,37,1499,1,1
"2022471219478",1,9,9,0,0,0,4,2,24,1499,1,1
"2022201253565",3,9,19,1,0,0,2,1,-1,1598,1,13
"2022430511204",1,9,9,8,1,0,1,2,40,1598,1,19
"2022161129378",1,9,19,0,0,0,2,2,43,1496,2,8
"2022351181286",2,9,2,0,0,0,2,2,49,1499,1,6
"2022421161372",2,9,5,8,0,0,1,1,50,1598,1,8
"2022430536392",1,9,19,0,0,0,1,2,46,1598,1,13
"2022010375248",2,9,4,1,0,0,1,1,34,1998,1,1
"2022161217418",2,9,19,8,0,0,1,1,37,1499,1,0
"2022010403453",2,9,99,9,9,99,1,2,-1,1499,1,4
"2022010364877",1,9,6,8,0,0,1,3,-1,1998,1,4
"2022461182901",1,9,5,8,0,0,1,2,26,1499,1,7
"2022041144645",1,9,19,2,0,0,1,2,22,1496,2,7
"2022451133179",2,9,19,0,0,0,1,2,24,1598,1,15
"2022010363649",2,9,99,9,9,99,1,3,-1,1598,1,12
"2022201164005",2,9,4,0,0,0,3,2,60,1560,2,14
"2022010384137",2,9,19,9,9,99,2,2,38,1998,1,4
"2022421145302",1,9,19,0,0,0,4,1,32,1598,1,20
"2022471203373",2,9,4,1,0,0,2,2,27,1499,1,5
"2022501251089",1,9,19,1,0,0,1,1,23,1598,1,15
"2022552201027",1,9,19,0,2,0,4,2,41,1598,1,15
"2022461191036",2,9,19,1,0,0,1,2,60,1598,1,20
"2022010410967",2,9,9,6,0,0,1,3,-1,1598,1,19
"202263A106422",1,9,19,0,1,0,1,2,57,1995,2,10
"2022401267787",1,9,12,0,0,4,1,1,35,1499,1,6
"2022221162376",2,9,4,8,0,0,3,2,25,1995,2,11
"2022070837660",2,9,9,5,0,0,2,2,49,1598,1,9
"202234NNC1682",1,9,19,8,0,0,1,2,49,1598,1,16
"2022010366961",1,9,19,0,0,0,1,2,31,1598,1,18
"2022451222832",1,9,19,1,5,0,1,2,38,1598,1,19
"2022471173128",1,9,19,0,0,0,1,1,25,1598,1,18
"2022451252726",2,9,19,0,0,0,1,1,63,1560,2,12
"202234WNC6212",2,9,19,0,0,0,2,1,41,1998,1,7
"2022161139020",1,9,2,0,0,0,0,1,32,1598,1,18
"2022161278785",1,9,3,1,0,0,0,2,41,1560,2,13
"2022010369453",1,9,19,0,0,0,1,1,47,1598,1,18
"2022221253014",1,9,19,0,5,0,4,2,31,1598,1,17
"2022340WNC312",1,9,6,0,0,0,1,2,53,1598,1,16
"2022010369127",2,9,99,9,9,99,1,1,25,1598,1,13
"2022010410216",2,9,99,9,9,99,1,2,-1,1499,1,4
"2022041177732",1,9,19,0,1,0,1,1,19,1560,2,14
"2022010395392",2,9,19,1,0,0,1,2,53,1499,1,6
"2022440492667",1,9,9,6,0,0,4,1,76,-1,3,2
"2022501162827",1,9,19,0,5,0,4,1,35,1598,1,19
"2022430011017",1,9,9,6,0,0,0,1,47,1499,1,3
"2022531243852",1,9,19,1,0,0,1,2,34,1499,1,4
"202234WNC8672",1,9,19,1,0,0,1,2,30,1998,1,6
"20225222ME628",1,9,19,0,0,0,1,1,53,1598,1,14
"2022031224246",2,9,19,1,0,0,4,2,53,1499,1,4
"2022221195628",2,9,19,8,0,0,1,1,53,1598,1,10
"2022610021322",1,9,7,2,5,4,1,1,31,1598,1,10
"2022451214086",2,9,19,0,0,0,1,2,74,1598,1,20
"2022010407952",1,9,9,5,0,0,1,1,19,1598,1,15
"2022061169966",1,9,4,1,0,0,2,1,36,1499,1,1
"2022061148548",1,9,10,4,0,0,1,3,30,1496,2,7
"2022461155054",1,9,19,0,1,0,1,2,35,1598,1,16
"2022501166483",1,9,4,1,0,0,1,1,51,1598,1,17
"2022552201451",2,9,4,8,0,0,4,1,60,1998,1,4
"2022461156043",2,9,19,0,0,0,3,2,57,1598,1,20
"2022010386001",1,9,99,9,9,99,2,3,21,1598,1,19
"2022461175240",1,9,19,0,0,0,1,2,36,1598,1,19
"2022401271317",2,9,19,0,0,0,1,2,38,1598,1,12
"2022311135102",2,9,2,0,0,0,3,3,-1,1499,1,2
"2022501247689",2,9,19,0,0,0,1,2,67,1998,1,1
"2022201234635",1,9,19,0,0,0,1,2,40,1496,2,5
"2022111242278",2,9,4,1,0,0,2,2,52,-1,3,1
"2022332200868",1,9,9,6,0,0,1,2,41,1598,2,9
"2022010394209",1,9,19,2,0,0,3,2,38,1998,1,2
"2022052200587",1,9,9,8,0,0,4,2,80,1995,2,10
"2022161245967",1,9,19,8,0,0,1,2,72,1998,1,2
"2022010418045",1,9,3,1,0,0,1,2,36,-1,3,2
"2022461195686",2,9,2,0,0,0,3,3,-1,1598,1,17
"2022010355631",2,9,13,0,1,0,1,1,26,1598,1,15
"2022421254907",3,9,2,0,0,4,2,3,-1,1598,1,14
"2022131150411",2,9,9,1,0,0,4,2,47,1998,1,6
"2022361150355",2,9,9,8,0,0,2,2,55,1499,1,2
"2022131215200",2,9,19,8,0,0,1,2,18,1598,1,9
"2022231149617",4,9,10,1,0,0,2,2,33,-1,3,1
"2022041140349",1,9,19,1,0,0,1,2,32,1995,2,5
"2022461223255",1,9,19,0,5,11,4,2,18,1499,1,3
"2022061170073",2,9,13,0,0,0,1,1,-1,1998,1,1
"2022010379791",2,9,3,0,0,0,1,1,21,1600,1,11
"2022201243307",1,9,15,1,0,0,1,1,24,1998,1,5
"2022351155088",2,9,3,1,0,0,4,2,40,1598,1,20
"2022411183654",2,9,10,0,0,0,3,1,18,1598,1,20
"2022010411772",1,9,19,0,5,10,4,2,19,1598,2,11
"2022221224430",2,9,9,5,0,0,3,2,18,1598,1,20
"2022622200671",2,9,19,1,0,0,1,1,38,1598,1,9
"2022031235329",1,9,19,0,1,0,1,2,86,1598,1,13
"2022211201336",1,9,19,0,0,0,3,2,19,1598,1,12
"2022010369512",1,9,11,1,0,0,4,2,52,1499,1,1
"2022421202843",1,9,19,8,0,0,4,2,61,1499,1,3
"2022451189127",1,9,19,2,0,0,3,1,42,1499,1,3
"2022041139932",3,9,19,1,0,0,2,2,29,1560,2,14
"2022041178466",2,9,19,0,0,0,2,1,48,-1,3,1
"2022302200772",2,9,19,8,0,0,3,2,75,1499,1,3
"2022111190464",1,9,19,2,0,0,1,1,52,1998,1,4
"2022131251011",2,9,9,1,0,0,3,2,54,1600,1,11
"2022351235592",2,9,19,0,0,0,4,2,45,1499,1,1
"2022991209082",3,9,19,0,0,0,1,2,54,1998,1,2
"2022010404668",2,9,19,1,0,0,3,1,32,1499,1,5
"2022061238277",1,9,-1,-1,-1,-1,-1,1,-1,1499,1,7
"2022552201308",1,9,9,6,0,0,1,2,55,1598,1,14
"2022544454122",1,9,7,6,0,0,3,2,22,1598,1,12
"2022041258333",1,9,19,0,1,0,1,1,19,1598,1,14
"2022010378962",1,9,99,9,9,99,9,2,28,1499,1,4
"2022451252123",1,9,15,0,0,0,1,1,27,1598,1,19
"2022451191773",2,9,9,6,0,0,4,2,49,1499,1,6
"2022451149766",2,9,5,2,0,0,1,1,32,1598,1,20
"2022010405616",1,9,99,9,9,99,2,2,48,1499,1,1
"2022991143154",3,9,2,2,0,0,2,3,-1,-1,3,1
"2022421175084",1,9,19,0,0,0,1,1,21,1998,1,5
"2022430323094",2,9,19,0,0,0,4,2,34,1998,1,3
"2022991259299",1,9,5,6,0,0,4,2,31,1598,1,15
"2022552300027",2,9,3,1,0,0,2,2,19,1560,2,13
"2022131224100",1,9,19,0,0,0,2,2,77,1598,1,11
"202263C078722",2,9,4,1,0,0,2,2,29,1496,2,5
"2022622200693",1,9,19,0,0,4,1,1,37,1598,1,19
"2022201276854",1,9,19,0,0,4,1,2,51,1598,1,21
"2022070350615",2,9,19,0,0,0,1,1,65,1598,1,17
"2022010412132",1,9,19,1,0,0,1,2,27,1499,1,5
"2022501161357",2,9,4,0,5,0,2,2,47,1600,1,10
"2022010376155",3,9,99,9,9,99,9,3,-1,-1,3,1
"202234NNC8552",2,9,19,0,0,0,3,1,59,1995,2,5
"2022371238196",1,9,19,8,0,0,1,1,21,1998,1,3
"2022501223591",2,9,2,0,0,0,2,1,66,1496,2,6
"2022531237871",1,9,9,4,0,0,1,2,47,1598,1,13
"2022411183649",1,9,19,1,0,0,1,2,34,1598,1,13
"2022440384911",1,9,19,0,0,0,3,2,54,1598,1,17
"2022161183908",1,9,5,8,0,0,3,2,37,1499,1,6
"2022010358900",2,9,9,6,0,0,1,2,20,1598,1,18
"2022401181559",2,9,2,0,0,0,2,2,50,1598,1,12
"2022010416040",1,3,99,9,9,99,2,1,34,125,1,4
"2022010418931",1,3,99,9,9,99,9,1,20,125,1,2
"2022010394693",1,3,19,2,0,0,1,1,21,125,1,5
"2022010404394",1,3,99,9,9,99,1,1,38,125,1,0
"2022131128012",1,3,19,8,0,0,1,1,40,125,1,6
"2022201281905",2,3,19,8,0,0,1,1,21,125,1,5
"2022552200473",1,9,19,0,1,0,1,2,43,999,1,3
"2022440354043",1,9,19,1,0,0,2,2,20,999,1,7
"2022101225539",1,9,19,8,0,11,1,1,60,999,1,3
"2022430518956",1,9,19,8,0,0,1,2,50,999,1,8
"2022501143619",1,9,19,0,0,0,4,1,48,999,1,6
"2022131135235",1,9,4,1,0,0,2,1,32,999,1,9
"2022430341190",1,9,19,0,0,0,1,2,35,999,1,8
"2022221185777",1,9,7,6,0,10,1,2,87,999,1,4
"20225222BA425",1,9,19,1,0,0,1,2,61,999,1,7
"2022371183201",1,9,19,0,1,0,2,2,18,999,1,8
"2022170L30252",2,9,9,8,0,0,4,2,79,999,1,3
"2022010387879",1,9,5,4,0,0,1,2,47,999,1,7
"2022141255853",2,9,10,4,0,0,2,2,51,999,1,3
"2022440321240",1,9,4,1,0,0,2,1,36,999,1,8
"2022461239999",1,4,19,0,2,0,1,1,19,385,1,17
"2022471135876",1,4,19,0,1,0,1,1,62,400,1,4
"2022010353973",1,3,19,1,0,0,1,1,24,125,1,3
"2023141312125",1,9,19,0,0,0,1,1,-1,2993,1,2
"2023221320568",1,9,19,2,0,0,1,1,19,2979,1,5
"2023411346440",2,9,11,3,0,0,3,1,28,2979,1,8
"2023451314817",2,9,19,0,0,0,1,1,27,2979,1,6
"2023010472540",3,9,19,4,0,0,1,1,32,2979,1,8
"2023161352639",1,9,19,8,0,0,3,1,28,1995,1,18
"2023010457458",1,9,9,6,0,0,3,1,24,2497,1,13
"2023010470100",2,9,99,9,9,99,9,3,-1,2497,1,14
"2023010445813",1,9,4,5,0,0,3,1,55,1998,1,3
"202360A105251",2,9,3,0,0,0,1,2,42,2996,1,11
"2023141392358",2,5,11,8,0,0,3,1,47,889,1,2
"2023501387921",1,5,19,8,0,0,1,1,45,889,1,2
"2023010473442",2,5,19,8,2,0,3,1,33,648,1,0
"2023131290373",2,3,19,8,0,0,4,1,28,125,1,2
"2023311295117",1,9,4,0,0,0,2,1,60,1969,8,0
"2023010482002",1,9,5,0,0,0,1,2,30,1969,8,0
"2023010428598",2,9,19,1,0,0,0,1,39,1969,8,1
"2023010484319",1,9,4,2,0,0,0,1,45,1969,8,0
"2023552301192",1,9,19,1,0,0,1,1,33,1969,2,6
"2023010462749",1,9,19,1,0,0,3,1,39,1969,8,0
"2023131345313",2,9,19,0,0,0,3,2,44,1969,2,6
"2023041347940",2,9,15,0,0,0,2,1,37,1969,8,1
"2023010424126",2,9,19,8,1,0,4,1,37,1969,2,7
"2023010481317",3,9,19,2,0,0,0,1,22,1969,8,0
"2024010526883",1,9,11,0,0,0,2,2,44,1997,2,8
"2024991446730",1,3,4,8,1,0,4,1,19,124,1,3
"2024461473110",1,3,19,0,0,0,1,1,19,124,1,3
"2024411459481",2,4,3,4,0,0,4,1,32,124,1,0
"2024522401319",1,9,2,0,0,0,2,1,37,1349,1,10
"2024141466469",1,9,3,4,0,0,2,1,27,1496,1,3
"2024041421149",2,9,19,8,0,0,4,2,80,1490,8,2
"2024311477516",1,9,19,0,1,0,1,1,22,1349,1,15
"2024471519170",1,9,19,0,0,0,1,1,26,1498,1,15
"2024231438333",1,9,19,0,0,0,4,2,24,1349,1,13
"2024041450077",2,9,19,0,0,0,2,1,34,1560,2,15
"2024010538950",1,9,7,1,0,0,3,2,37,1349,1,13
"2024141401052",2,9,19,8,0,0,1,1,26,1496,1,7
"2024201553679",1,9,19,0,5,4,4,2,23,1490,8,0
"2024451529387",2,9,10,6,0,0,3,1,40,1349,1,15
"2024411532277",2,9,3,0,0,0,2,1,19,1349,1,12
"2024622400843",1,9,19,8,2,0,1,1,75,1498,1,15
"2024161406383",2,9,7,5,0,0,1,2,78,1349,1,12
"2024461532016",1,9,19,0,2,0,1,2,18,1349,1,13
"2024440145556",1,9,19,0,0,0,1,2,73,1496,1,4
"2024501480101",1,9,7,2,0,0,1,2,24,1399,2,15
"2024411470661",1,9,-1,4,0,0,1,1,22,1496,1,1
"2024101443783",3,9,4,1,0,0,2,2,35,1496,1,3
"2024320003489",1,9,19,0,0,0,1,1,33,1498,1,11
"2024131423115",2,9,19,8,0,0,1,2,61,1349,1,15
"2024471463770",2,9,-1,-1,-1,-1,-1,2,-1,1349,1,11
"2024031447519",1,9,19,0,0,0,1,1,18,1349,1,15
"2024552401298",1,9,19,0,0,0,4,3,-1,1496,1,0
"2024522500279",1,9,9,5,0,0,4,2,39,1349,1,11
"2024421495443",3,9,19,0,0,0,1,1,27,1498,1,5
"2024991402188",1,9,9,5,0,0,1,1,25,1349,1,15
"2024440081223",2,9,19,1,1,0,1,2,28,1496,1,9
"2024501478623",1,9,19,2,1,0,1,1,71,1349,1,9
"2024031442404",1,9,19,0,0,0,1,1,31,1349,1,10
"2024101430363",2,9,3,0,0,0,2,1,62,1496,1,1
"2024311526462",1,9,19,0,0,0,4,2,36,1496,1,8
"2024141424503",1,9,19,0,0,0,1,2,31,1349,1,12
"2024471517949",1,9,9,8,0,0,4,2,58,1349,1,10
"2024501459509",1,9,19,1,0,0,4,2,64,1496,1,9
"2024010529422",1,9,99,9,9,99,9,2,65,1349,1,13
"2024991526907",1,9,9,0,0,0,1,1,46,1496,1,2
"2024421462485",1,9,4,0,0,0,1,2,26,1498,1,16
"2024991432093",1,9,9,8,0,7,1,1,57,1496,1,3
"2024440171177",1,9,4,1,0,0,2,2,30,1496,1,5
"2024201425264",2,9,19,1,0,0,2,1,45,1496,1,8
"2024302400427",1,9,19,0,2,0,1,2,33,1349,1,14
"2024440319190",2,3,19,1,0,0,1,1,18,124,1,6
"2024302400619",2,3,19,0,0,0,1,2,46,125,1,0
"2024010534716",2,3,-1,8,0,0,2,1,30,125,1,7
"2024010522348",1,3,19,0,0,0,0,1,35,125,1,7
"2024010544442",1,2,99,9,9,99,0,1,17,49,1,12
"2024221437688",2,4,19,0,1,0,1,1,19,125,1,2
"2024401441131",1,3,19,4,0,9,1,1,41,125,1,8
"2024461512243",1,3,19,0,0,0,4,1,19,124,1,10
"2024461393694",7,9,4,0,0,0,4,2,34,-1,3,1
"2024010518723",1,9,19,1,0,0,1,1,52,-1,3,2
"2024010545929",1,9,9,6,0,0,3,1,40,-1,3,1
"2024201454344",2,9,4,0,0,0,2,1,25,-1,3,0
"2024201484183",2,9,5,8,0,0,1,1,60,-1,3,0
"2024010501978",2,9,99,9,9,99,9,1,66,-1,3,2
"2024302401786",1,9,9,9,0,0,1,1,44,-1,3,2
"2024501422238",1,9,19,0,0,0,1,1,59,1968,2,13
"2024471424812",2,9,9,1,0,0,1,2,59,1197,1,9
"2024440021186",4,9,4,0,0,0,2,1,45,1968,2,10
"2024361524983",1,9,9,0,0,0,1,1,73,1197,1,9
"2024041508913",2,9,19,1,0,0,3,1,62,1197,1,12
"2024111529539",1,9,19,0,0,0,1,1,40,1197,1,10
"2024061524170",1,9,5,1,0,0,1,1,47,1968,2,12
"2024141486544",1,9,9,1,0,0,1,2,74,1197,1,8
"2024041417580",1,9,19,0,0,0,1,1,75,1197,1,8
"2024010523125",2,9,19,1,0,4,1,1,62,1197,1,8
"2024461433204",1,9,19,0,2,0,3,2,22,1197,1,14
"202417S211524",2,9,13,8,0,0,1,1,63,1968,2,10
"2024471424712",3,9,19,1,0,0,4,1,84,1968,2,9
"2024052400685",1,9,5,4,0,0,1,2,67,1197,1,9
"2024401450341",2,5,13,0,0,0,1,1,26,999,1,8
"2024010523290",2,5,5,4,1,0,3,1,40,999,1,9
"2024361418749",1,5,19,1,1,0,4,2,42,999,1,1
"2024361484411",3,3,19,0,2,0,1,1,26,124,1,0
"2024440007009",2,3,19,8,0,0,1,1,55,125,1,5
"2024111409269",2,5,19,1,5,0,4,1,50,999,1,8
"2024010512148",1,5,14,1,0,0,3,1,30,999,1,0
"2024991485517",1,5,19,0,2,0,1,1,38,749,1,6
"2024010530089",1,3,99,9,9,99,9,1,39,124,1,1
"2024201440161",2,3,19,0,0,0,2,1,44,124,1,6
"2024991444732",2,5,19,1,0,0,1,1,41,999,1,4
"2024302400740",1,9,5,6,0,0,1,1,19,1390,1,18
"2024131535394",1,9,19,1,0,0,1,2,74,1198,1,18
"2024471533239",2,9,10,5,0,0,2,2,57,1198,1,17
"2024052402225",1,9,6,0,0,0,1,2,75,1198,1,14
"2024311489634",1,9,9,6,0,0,1,2,88,1198,1,14
"2024430318864",1,9,19,0,1,0,3,1,21,1198,1,18
"2024991437474",1,9,9,2,0,0,1,1,17,1198,1,15
"2024141406637",2,3,11,3,0,0,3,1,23,125,1,5
"2024440275550",1,3,19,1,0,0,1,1,18,125,1,5
"2023430463768",2,9,19,0,0,0,1,2,32,1685,2,9
"2023311314802",1,9,19,8,0,4,1,2,58,1685,2,6
"2023010451495",1,8,5,0,0,0,3,1,42,1685,2,5
"2023501373104",1,9,2,0,0,0,3,1,56,1591,1,2
"2023991278333",2,9,3,1,0,0,1,2,25,1995,2,4
"2023501347342",1,9,9,8,0,0,4,2,38,1685,2,8
"2023320356816",2,9,19,1,0,0,3,1,44,1685,2,7
"2023461288588",2,9,9,0,0,0,3,1,36,1591,1,4
"2023421295649",2,9,11,0,0,0,4,2,33,1591,1,2
"2023340NN1752",2,9,19,1,0,0,4,2,70,1598,2,4
"2023471333256",2,9,19,0,0,0,3,1,40,1995,2,9
"2023461374676",1,9,19,0,0,0,3,3,-1,1591,1,4
"2023170L40523",1,9,9,4,0,0,1,1,64,1685,2,8
"2023141285798",2,9,9,1,0,0,1,3,-1,1995,2,4
"2023991284586",2,9,4,0,0,0,1,1,72,1591,1,2
"2023421379459",2,9,19,0,0,0,3,1,53,1598,8,1
"2023201374281",3,9,8,1,0,0,1,1,27,1685,2,7
"2023411298983",1,9,19,3,0,0,1,2,47,1591,1,6
"2023471328311",1,9,13,0,0,0,4,2,30,1685,2,8
"2023430249790",1,9,9,6,0,0,1,1,78,1598,8,1
"2023501273115",1,9,1,0,0,0,2,1,46,1685,2,9
"2023231307420",2,9,9,1,0,0,2,1,66,1991,2,13
"2023991294861",1,9,9,1,0,0,1,1,63,1598,1,0
"2023991383512",2,9,19,1,0,0,1,2,38,1598,8,0
"2023522300851",2,9,5,4,0,0,1,1,-1,1995,2,10
"2023052301266",1,9,19,1,0,0,1,1,30,1591,1,1
"2023430275445",1,9,9,5,5,0,1,1,64,1598,1,0
"2023141317039",1,9,3,0,0,0,2,2,46,1685,2,10